INSERT INTO marketplace.categories (p_code, p_name, p_description, p_level, p_supercategory, p_iconurl) VALUES ('C100','PHONE','','L1','','C100.png');
INSERT INTO marketplace.categories (p_code, p_name, p_description, p_level, p_supercategory, p_iconurl) VALUES ('C100100','SMARTPHONE','','L2','C100','C100100.png');
INSERT INTO marketplace.categories (p_code, p_name, p_description, p_level, p_supercategory, p_iconurl) VALUES ('C100101','IPHONE','','L2','C100','C100101.png');
INSERT INTO marketplace.categories (p_code, p_name, p_description, p_level, p_supercategory, p_iconurl) VALUES ('C200','TABLET','','L1','','C200.png');
INSERT INTO marketplace.categories (p_code, p_name, p_description, p_level, p_supercategory, p_iconurl) VALUES ('C200100','IPAD','','L2','C200','C200100.png');
INSERT INTO marketplace.categories (p_code, p_name, p_description, p_level, p_supercategory, p_iconurl) VALUES ('C200101','TABLET','','L2','C200','C200101.png');
INSERT INTO marketplace.categories (p_code, p_name, p_description, p_level, p_supercategory, p_iconurl) VALUES ('C300','COMPUTER','','L1','','C300.png');
INSERT INTO marketplace.categories (p_code, p_name, p_description, p_level, p_supercategory, p_iconurl) VALUES ('C300100','DESKTOP','','L2','C300','C300100.png');
INSERT INTO marketplace.categories (p_code, p_name, p_description, p_level, p_supercategory, p_iconurl) VALUES ('C300101','LAPTOP','','L2','C300','C300101.png');
INSERT INTO marketplace.categories (p_code, p_name, p_description, p_level, p_supercategory, p_iconurl) VALUES ('C400','CAMERA','','L1','','C400.png');
INSERT INTO marketplace.categories (p_code, p_name, p_description, p_level, p_supercategory, p_iconurl) VALUES ('C400100','DSLR','','L2','C400','C400100.png');
INSERT INTO marketplace.categories (p_code, p_name, p_description, p_level, p_supercategory, p_iconurl) VALUES ('C400101','CAMCORDER','','L2','C400','C400101.png');
INSERT INTO marketplace.products (p_code, p_name,p_productsku,p_description, p_defaultimageurl, p_price) VALUES('P100100100','Samsung Galaxy S6 Edge','4266427506','','P100100100.jpeg',35999);
INSERT INTO marketplace.products (p_code, p_name,p_productsku,p_description, p_defaultimageurl, p_price) VALUES('P100100101','HTC Desire 626','6573849302','','P100100100.jpeg',37999);
INSERT INTO marketplace.products (p_code, p_name,p_productsku,p_description, p_defaultimageurl, p_price) VALUES('P100100102','Sony Xperia C5','2749294932','','P100100100.jpeg',26999);

INSERT INTO marketplace.products (p_code, p_name,p_productsku,p_description, p_defaultimageurl, p_price) VALUES('P100101100','Apple iPhone 6','5748392020','','P100101100.jpeg',34999);
INSERT INTO marketplace.products (p_code, p_name,p_productsku,p_description, p_defaultimageurl, p_price) VALUES('P100101101','Apple iPhone 5S','6789403893','','P100101101.jpeg',30999);
INSERT INTO marketplace.products (p_code, p_name,p_productsku,p_description, p_defaultimageurl, p_price) VALUES('P100101102','Apple iPhone 6 Plus','4968473828','','P100101102.jpeg',39999);

INSERT INTO marketplace.products (p_code, p_name,p_productsku,p_description, p_defaultimageurl, p_price) VALUES('P200100100','Asus ZenPad C 7.0','2647694739','','P200100100.jpeg',14999);
INSERT INTO marketplace.products (p_code, p_name,p_productsku,p_description, p_defaultimageurl, p_price) VALUES('P200100101','Lenovo Yoga 3 8-inch','7694830292','','P200100101.jpeg',16999);
INSERT INTO marketplace.products (p_code, p_name,p_productsku,p_description, p_defaultimageurl, p_price) VALUES('P200100102','Samsung Galaxy J','4738390292','','P200100102.jpeg',18999);

INSERT INTO marketplace.products (p_code, p_name,p_productsku,p_description, p_defaultimageurl, p_price) VALUES('P200101100','Apple iPad Mini 4','2748693022','','P200101100.jpeg',20999);
INSERT INTO marketplace.products (p_code, p_name,p_productsku,p_description, p_defaultimageurl, p_price) VALUES('P200101101','Apple iPad Air 2','7483839372','','P200101101.jpeg',33999);
INSERT INTO marketplace.products (p_code, p_name,p_productsku,p_description, p_defaultimageurl, p_price) VALUES('P200101102','Apple iPad Mini','8373928382','','P200101102.jpeg',18999);

INSERT INTO marketplace.products (p_code, p_name,p_productsku,p_description, p_defaultimageurl, p_price) VALUES('P300100100','Asus ET2040IUK-BB007M','7329019391','','P300100100.jpeg',45999);
INSERT INTO marketplace.products (p_code, p_name,p_productsku,p_description, p_defaultimageurl, p_price) VALUES('P300100101','Lenovo AIO c2000','7381922380','','P300100101.jpeg',36999);
INSERT INTO marketplace.products (p_code, p_name,p_productsku,p_description, p_defaultimageurl, p_price) VALUES('P300100102','HP 23 Q-141in','3243256777','','P300100102.jpeg',40999);

INSERT INTO marketplace.products (p_code, p_name,p_productsku,p_description, p_defaultimageurl, p_price) VALUES('P300101100','Lenovo Ideapad 100','298483999','','P300101100.jpeg',54999);
INSERT INTO marketplace.products (p_code, p_name,p_productsku,p_description, p_defaultimageurl, p_price) VALUES('P300101101','Dell Inspiron Core i5','2424267888','','P300101101.jpeg',30999);
INSERT INTO marketplace.products (p_code, p_name,p_productsku,p_description, p_defaultimageurl, p_price) VALUES('P300101102','Asus APU Quad Core A8','1124565433','','P300101102.jpeg',49999);

INSERT INTO marketplace.products (p_code, p_name,p_productsku,p_description, p_defaultimageurl, p_price) VALUES('P400100100','Canon EOS 1200D','2553537822','','P400100100.jpeg',24999);
INSERT INTO marketplace.products (p_code, p_name,p_productsku,p_description, p_defaultimageurl, p_price) VALUES('P400100101','Nikon DSLR D5200','1223222144','','P400100101.jpeg',27999);
INSERT INTO marketplace.products (p_code, p_name,p_productsku,p_description, p_defaultimageurl, p_price) VALUES('P400100102','Sony ILCE-3500J','5454332111','','P400100102.jpeg',31999);

INSERT INTO marketplace.products (p_code, p_name,p_productsku,p_description, p_defaultimageurl, p_price) VALUES('P400101100','Panasonic Standard HC-V770','4344256154','','P400101100.jpeg',34999);
INSERT INTO marketplace.products (p_code, p_name,p_productsku,p_description, p_defaultimageurl, p_price) VALUES('P400101101','Dsantech X1 RED8','6355532456','','P400101101.jpeg',36999);
INSERT INTO marketplace.products (p_code, p_name,p_productsku,p_description, p_defaultimageurl, p_price) VALUES('P400101102','GoPro Hero4-CHDHX-401','1266623577','','P400101102.jpeg',40999);
INSERT INTO marketplace.prod2catrel (p_code, p_sourceproduct, p_targetcategory) VALUES ('R100000','P100100100','C100100');
INSERT INTO marketplace.prod2catrel (p_code, p_sourceproduct, p_targetcategory) VALUES ('R100001','P100100101','C100100');
INSERT INTO marketplace.prod2catrel (p_code, p_sourceproduct, p_targetcategory) VALUES ('R100002','P100100102','C100100');
INSERT INTO marketplace.prod2catrel (p_code, p_sourceproduct, p_targetcategory) VALUES ('R100003','P100101100','C100101');
INSERT INTO marketplace.prod2catrel (p_code, p_sourceproduct, p_targetcategory) VALUES ('R100004','P100101101','C100101');
INSERT INTO marketplace.prod2catrel (p_code, p_sourceproduct, p_targetcategory) VALUES ('R100005','P100101102','C100101');
INSERT INTO marketplace.prod2catrel (p_code, p_sourceproduct, p_targetcategory) VALUES ('R100006','P200100100','C200100');
INSERT INTO marketplace.prod2catrel (p_code, p_sourceproduct, p_targetcategory) VALUES ('R100007','P200100101','C200100');
INSERT INTO marketplace.prod2catrel (p_code, p_sourceproduct, p_targetcategory) VALUES ('R100008','P200100102','C200100');
INSERT INTO marketplace.prod2catrel (p_code, p_sourceproduct, p_targetcategory) VALUES ('R100009','P200101100','C200101');
INSERT INTO marketplace.prod2catrel (p_code, p_sourceproduct, p_targetcategory) VALUES ('R100010','P200101101','C200101');
INSERT INTO marketplace.prod2catrel (p_code, p_sourceproduct, p_targetcategory) VALUES ('R100011','P200101102','C200101');
INSERT INTO marketplace.prod2catrel (p_code, p_sourceproduct, p_targetcategory) VALUES ('R100012','P300100100','C300100');
INSERT INTO marketplace.prod2catrel (p_code, p_sourceproduct, p_targetcategory) VALUES ('R100013','P300100101','C300100');
INSERT INTO marketplace.prod2catrel (p_code, p_sourceproduct, p_targetcategory) VALUES ('R100014','P300100102','C300100');
INSERT INTO marketplace.prod2catrel (p_code, p_sourceproduct, p_targetcategory) VALUES ('R100015','P300101100','C300101');
INSERT INTO marketplace.prod2catrel (p_code, p_sourceproduct, p_targetcategory) VALUES ('R100016','P300101101','C300101');
INSERT INTO marketplace.prod2catrel (p_code, p_sourceproduct, p_targetcategory) VALUES ('R100017','P300101102','C300101');
INSERT INTO marketplace.prod2catrel (p_code, p_sourceproduct, p_targetcategory) VALUES ('R100018','P400100100','C400100');
INSERT INTO marketplace.prod2catrel (p_code, p_sourceproduct, p_targetcategory) VALUES ('R100019','P400100101','C400100');
INSERT INTO marketplace.prod2catrel (p_code, p_sourceproduct, p_targetcategory) VALUES ('R100020','P400100102','C400100');
INSERT INTO marketplace.prod2catrel (p_code, p_sourceproduct, p_targetcategory) VALUES ('R100021','P400101100','C400101');
INSERT INTO marketplace.prod2catrel (p_code, p_sourceproduct, p_targetcategory) VALUES ('R100022','P400101101','C400101');
INSERT INTO marketplace.prod2catrel (p_code, p_sourceproduct, p_targetcategory) VALUES ('R100023','P400101102','C400101');

INSERT INTO marketplace.productmedias (p_mediacode, p_mediatype, p_mediaurl, p_productcode) VALUES ('R100100100','jpeg','P100100100.jpeg','P100100100');
INSERT INTO marketplace.productmedias (p_mediacode, p_mediatype, p_mediaurl, p_productcode) VALUES ('R100100101','jpeg','P100100101.jpeg','P100100101');
INSERT INTO marketplace.productmedias (p_mediacode, p_mediatype, p_mediaurl, p_productcode) VALUES ('R100100102','jpeg','P100100102.jpeg','P100100102');
INSERT INTO marketplace.productmedias (p_mediacode, p_mediatype, p_mediaurl, p_productcode) VALUES ('R100101100','jpeg','P100101100.jpeg','P100101100');
INSERT INTO marketplace.productmedias (p_mediacode, p_mediatype, p_mediaurl, p_productcode) VALUES ('R100101101','jpeg','P100101101.jpeg','P100101101');
INSERT INTO marketplace.productmedias (p_mediacode, p_mediatype, p_mediaurl, p_productcode) VALUES ('R100101102','jpeg','P100101102.jpeg','P100101102');
INSERT INTO marketplace.productmedias (p_mediacode, p_mediatype, p_mediaurl, p_productcode) VALUES ('R200100100','jpeg','P200100100.jpeg','P200100100');
INSERT INTO marketplace.productmedias (p_mediacode, p_mediatype, p_mediaurl, p_productcode) VALUES ('R200100101','jpeg','P200100101.jpeg','P200100101');
INSERT INTO marketplace.productmedias (p_mediacode, p_mediatype, p_mediaurl, p_productcode) VALUES ('R200100102','jpeg','P200100102.jpeg','P200100102');
INSERT INTO marketplace.productmedias (p_mediacode, p_mediatype, p_mediaurl, p_productcode) VALUES ('R200101100','jpeg','P200101100.jpeg','P200101100');
INSERT INTO marketplace.productmedias (p_mediacode, p_mediatype, p_mediaurl, p_productcode) VALUES ('R200101101','jpeg','P200101101.jpeg','P200101101');
INSERT INTO marketplace.productmedias (p_mediacode, p_mediatype, p_mediaurl, p_productcode) VALUES ('R200101102','jpeg','P200101102.jpeg','P200101102');
INSERT INTO marketplace.productmedias (p_mediacode, p_mediatype, p_mediaurl, p_productcode) VALUES ('R300100100','jpeg','P300100100.jpeg','P300100100');
INSERT INTO marketplace.productmedias (p_mediacode, p_mediatype, p_mediaurl, p_productcode) VALUES ('R300100101','jpeg','P300100101.jpeg','P300100101');
INSERT INTO marketplace.productmedias (p_mediacode, p_mediatype, p_mediaurl, p_productcode) VALUES ('R300100102','jpeg','P300100102.jpeg','P300100102');
INSERT INTO marketplace.productmedias (p_mediacode, p_mediatype, p_mediaurl, p_productcode) VALUES ('R300101100','jpeg','P300101100.jpeg','P300101100');
INSERT INTO marketplace.productmedias (p_mediacode, p_mediatype, p_mediaurl, p_productcode) VALUES ('R300101101','jpeg','P300101101.jpeg','P300101101');
INSERT INTO marketplace.productmedias (p_mediacode, p_mediatype, p_mediaurl, p_productcode) VALUES ('R300101102','jpeg','P300101102.jpeg','P300101102');
INSERT INTO marketplace.productmedias (p_mediacode, p_mediatype, p_mediaurl, p_productcode) VALUES ('R400100100','jpeg','P400100100.jpeg','P400100100');
INSERT INTO marketplace.productmedias (p_mediacode, p_mediatype, p_mediaurl, p_productcode) VALUES ('R400100101','jpeg','P400100101.jpeg','P400100101');
INSERT INTO marketplace.productmedias (p_mediacode, p_mediatype, p_mediaurl, p_productcode) VALUES ('R400100102','jpeg','P400100102.jpeg','P400100102');
INSERT INTO marketplace.productmedias (p_mediacode, p_mediatype, p_mediaurl, p_productcode) VALUES ('R400101100','jpeg','P400101100.jpeg','P400101100');
INSERT INTO marketplace.productmedias (p_mediacode, p_mediatype, p_mediaurl, p_productcode) VALUES ('R400101101','jpeg','P400101101.jpeg','P400101101');
INSERT INTO marketplace.productmedias (p_mediacode, p_mediatype, p_mediaurl, p_productcode) VALUES ('R400101102','jpeg','P400101102.jpeg','P400101102');

INSERT INTO marketplace.users (p_userid, p_fullname, p_emailid, p_passwordencoded, p_role, p_imageurl) VALUES ('smohx@yahoo.com', 'Suman Mohanta', 'smohx@yahoo.com', '098f6bcd4621d373cade4e832627b4f6', 'ROLE_ADMIN', 'user.jpeg');
